"NAME"|"PRICE"|"CUSINE_CATEGORY"|"CITY"|"REGION"|"URL"|"PAGE NO"|"CUSINE TYPE"|"TIMING"|"RATING_TYPE"|"RATING"|"VOTES"
"Fresh Chinese Corner"|"200"|"Chinese,North Indian"|"Aurangabad"|"Gulmandi"|"https://www.zomato.com/aurangabad/fresh-chinese-corner-gulmandi/info"|"54"|"Quick Bites"|"10am to 11pm(Mon-Sun)"|"None"|"NEW"|"NEW"
"Labela Hotel"|"200"|"North Indian,Hyderabadi"|"Aurangabad"|"Nirala Bazar"|"https://www.zomato.com/aurangabad/labela-hotel-nirala-bazar/info"|"54"|"Quick Bites"|"10am to 11pm(Mon-Sun)"|"Not rated"|"-"|"-"
"Joytimes"|"400"|"North Indian,Chinese"|"Aurangabad"|"Nirala Bazar"|"https://www.zomato.com/aurangabad/joytimes-nirala-bazar/info"|"54"|"Casual Dining"|"11am to 11pm(Mon-Sun)"|"Not rated"|"-"|"-"
"Raisina Family Restaurant & Cafeteria"|"300"|"Indian"|"Aurangabad"|"Nyay Nagar"|"https://www.zomato.com/aurangabad/raisina-family-restaurant-cafeteria-nyay-nagar/info"|"54"|"Quick Bites"|"10am to 11pm(Mon-Sun)"|"Not rated"|"-"|"-"
"Hotel Avon International"|"500"|"North Indian,Chinese,Maharashtrian"|"Aurangabad"|"Mukundwadi"|"https://www.zomato.com/aurangabad/hotel-avon-international-mukundwadi/info"|"54"|"Casual Dining"|"11am to 11pm(Mon-Sun)"|"None"|"NEW"|"NEW"
"Hotel Maitri"|"300"|"Chinese,Indian"|"Aurangabad"|"MIDC"|"https://www.zomato.com/aurangabad/hotel-maitri-midc/info"|"54"|"Quick Bites"|"6am to 11pm(Mon-Sun)"|"Not rated"|"-"|"-"
"Sainath Pure Veg"|"300"|"North Indian"|"Aurangabad"|"Nyay Nagar"|"https://www.zomato.com/aurangabad/sainath-pure-veg-nyay-nagar/info"|"54"|"Quick Bites"|"11am to 11pm(Mon-Sun)"|"None"|"NEW"|"NEW"
"Sahara Family Restaurant"|"0"|"North Indian,Chinese"|"Aurangabad"|"CIDCO"|"https://www.zomato.com/aurangabad/sahara-family-restaurant-cidco/info"|"54"|"Quick Bites"|"10am to 11pm(Mon-Sun)"|"None"|"NEW"|"NEW"
