"NAME"|"PRICE"|"CUSINE_CATEGORY"|"CITY"|"REGION"|"URL"|"PAGE NO"|"CUSINE TYPE"|"TIMING"|"RATING_TYPE"|"RATING"|"VOTES"
"Sugar N Spice"|"450"|"Bakery"|"Ajmer"|"Adarsh Nagar"|"https://www.zomato.com/ajmer/sugar-n-spice-adarsh-nagar/info"|"18"|"Bakery"|"8am to 11pm(Mon-Sun)"|"None"|"NEW"|"NEW"
"Cafe La Joie"|"200"|"Fast Food"|"Ajmer"|"Dhola Bhata Colony"|"https://www.zomato.com/ajmer/cafe-la-joie-dhola-bhata-colony/info"|"18"|"none"|"NA"|"None"|"Opening"|"Opening"
"Nakul Bakers and Confectioner"|"250"|"Fast Food"|"Ajmer"|"Railway Quarters"|"https://www.zomato.com/ajmer/nakul-bakers-and-confectioner-railway-quarters/info"|"18"|"Quick Bites"|"11am to 11pm(Mon-Sun)"|"Not rated"|"-"|"-"
"Hotel City Pride"|"600"|"North Indian"|"Ajmer"|"Railway Quarters"|"https://www.zomato.com/ajmer/hotel-city-pride-railway-quarters/info"|"18"|"Casual Dining"|"12noon to 1230AM(Mon-Sun)"|"Not rated"|"-"|"-"
"Thai Cha"|"0"|"Chinese,Thai"|"Ajmer"|"Ana Sagar Lake"|"https://www.zomato.com/ajmer/thai-cha-ana-sagar-lake/info"|"18"|"Quick Bites"|"11am to 11pm(Mon-Sun)"|"None"|"NEW"|"NEW"
